<?xml version = '1.0' encoding = 'UTF-8' standalone = 'yes'?>
<jazn-data xmlns:xsi="http://www.w3.org/2001/XMLSchema-instance"
           xsi:noNamespaceSchemaLocation="http://xmlns.oracle.com/oracleas/schema/jazn-data-11_0.xsd">
  <jazn-realm default="jazn.com">
    <realm>
      <name>jazn.com</name>
      <users>
        <user>
          <name>trialadgc.myuser@oracle.com</name>
          <display-name>d</display-name>
          <credentials>{903}sJS04V7Chzur30EMGiISHCYFEI/Rl823</credentials>
        </user>
      </users>
    </realm>
  </jazn-realm>
  <policy-store>
    <applications>
      <application>
        <name>FormBased4</name>
        <app-roles>
          <app-role>
            <name>trialadgc.javausers</name>
            <class>oracle.security.jps.service.policystore.ApplicationRole</class>
            <members>
              <member>
                <name>trialadgc.myuser@oracle.com</name>
                <class>oracle.security.jps.internal.core.principals.JpsXmlUserImpl</class>
              </member>
            </members>
          </app-role>
        </app-roles>
        <jazn-policy>
          <grant>
            <grantee>
              <principals>
                <principal>
                  <name>trialadgc.javausers</name>
                  <class>oracle.security.jps.service.policystore.ApplicationRole</class>
                </principal>
              </principals>
            </grantee>
            <permissions>
              <permission>
                <class>oracle.adf.share.security.authorization.RegionPermission</class>
                <name>view.pageDefs.page1PageDef</name>
                <actions>view</actions>
              </permission>
            </permissions>
          </grant>
        </jazn-policy>
      </application>
    </applications>
  </policy-store>
</jazn-data>
