<?xml version="1.0" encoding="UTF-8" ?>
<!DOCTYPE Entity SYSTEM "jbo_03_01.dtd">
<!---->
<Entity
  xmlns="http://xmlns.oracle.com/bc4j"
  Name="Dept"
  Version="11.1.1.62.28"
  InheritPersonalization="true"
  DBObjectType="table"
  DBObjectName="DEPT"
  AliasName="Dept"
  BindingStyle="OracleName"
  UseGlueCode="false">
  <DesignTime>
    <Attr Name="_codeGenFlag2" Value="Access"/>
    <AttrArray Name="_publishEvents"/>
  </DesignTime>
  <Attribute
    Name="Deptno"
    Precision="2"
    Scale="0"
    ColumnName="DEPTNO"
    SQLType="NUMERIC"
    Type="oracle.jbo.domain.Number"
    ColumnType="NUMBER"
    TableName="DEPT">
    <DesignTime>
      <Attr Name="_DisplaySize" Value="3"/>
    </DesignTime>
  </Attribute>
  <Attribute
    Name="Dname"
    Precision="14"
    ColumnName="DNAME"
    SQLType="VARCHAR"
    Type="java.lang.String"
    ColumnType="VARCHAR2"
    TableName="DEPT">
    <DesignTime>
      <Attr Name="_DisplaySize" Value="14"/>
    </DesignTime>
  </Attribute>
  <Attribute
    Name="Loc"
    Precision="13"
    ColumnName="LOC"
    SQLType="VARCHAR"
    Type="java.lang.String"
    ColumnType="VARCHAR2"
    TableName="DEPT">
    <DesignTime>
      <Attr Name="_DisplaySize" Value="13"/>
    </DesignTime>
  </Attribute>
  <Attribute
    Name="RowID"
    IsUpdateable="false"
    ColumnName="ROWID"
    SQLType="ROWID"
    Type="oracle.jbo.domain.RowID"
    ColumnType="ROWID"
    TableName="DEPT"
    PrimaryKey="true"/>
</Entity>
